{"cameraMode":{"drawMode":0,"name":"Shaded","section":"Shading Mode"},"sceneLighting":false,"audioPlay":true,"sceneViewState":{"m_AlwaysRefresh":false,"showFog":true,"showSkybox":false,"showFlares":true,"showImageEffects":true,"showParticleSystems":true,"showVisualEffectGraphs":true,"m_FxEnabled":true},"in2DMode":false,"pivot":{"x":-0.3562459349632263,"y":1.5707968473434449,"z":2.7911317348480226},"rotation":{"x":0.06480273604393006,"y":-0.8226737380027771,"z":0.09567438811063767,"w":0.5567020177841187},"size":2.1233930587768556,"orthographic":false}