{"cameraMode":{"drawMode":0,"name":"Shaded","section":"Shading Mode"},"sceneLighting":true,"audioPlay":false,"sceneViewState":{"m_AlwaysRefresh":false,"showFog":true,"showSkybox":true,"showFlares":true,"showImageEffects":true,"showParticleSystems":true,"showVisualEffectGraphs":true,"m_FxEnabled":false},"in2DMode":false,"pivot":{"x":-11.447676658630371,"y":13.954895973205567,"z":4.083291053771973},"rotation":{"x":0.20241013169288636,"y":-0.2200685292482376,"z":0.04499070346355438,"w":0.9537030458450317},"size":0.8660253882408142,"orthographic":false}